Designator,Footprint,Quantity,Value,LCSC Part #
"C1, C2",0402,2,15p,
"C10, C11, C12, C4, C6, C7, C8, C9",0402,8,1u,
"C13, C14, C15, C16, C17, C18, C19, C20, C21, C24",0402,10,100n,
"C23, C25, C26, C27, C3, C5",0402,6,4.7u,
D1,0402,1,GREEN,
D2,0402,1,RED,
"D3, D4, D5",D_SOD-123,3,MBR0530,
J1,USB_C_Receptacle_HCTL_HC-TYPE-C-16P-01A,1,USB_C_Receptacle_USB2.0_16P,
J2,PinHeader_1x02_P2.54mm_Vertical,1,Conn_01x02_Pin,
J3,Hirose_FH12-24S-0.5SH_1x24-1MP_P0.50mm_Horizontal,1,Conn_01x24_Pin,
J4,microSD_HC_Molex_104031-0811,1,Micro_SD_Card,
L1,L_Radial_D6.0mm_P4.00mm,1,47u,
L2,L_Sunlord_SWPA5040S,1,3.3u,
Q1,SOT-323_SC-70,1,Si1308EDL,
R1,0402,1,60.4K,
R10,0402,1,1M,
"R11, R12, R13, R14, R15, R16, R17, R2",0402,8,10K,
R18,0402,1,470,
"R3, R4, R7",0402,3,1.5K,
"R5, R6",0402,2,5.1K,
R8,0402,1,1K,
R9,0402,1,2.2R,
"SW1, SW2, SW3, SW4, SW5, SW6",SW_SPST_PTS810,6,SW_Push,
U1,QFN-60-1EP_7x7mm_P0.4mm_EP3.4x3.4mm,1,RP2350A,
U2,VQFN-16-1EP_3x3mm_P0.5mm_EP1.6x1.6mm,1,BQ24074RGT,
U3,SOT-23,1,MCP1700x-330xxTT,
U4,WSON-8-1EP_6x5mm_P1.27mm_EP3.4x4.3mm,1,W25Q128JVP,
U5,rpi_rmc20452t,1,<value>,
Y1,Crystal_SMD_3225-4Pin_3.2x2.5mm,1,12mhz,
