Designator,Mid X,Mid Y,Rotation,Layer
C1,444.34,-173.97,0.0,top
C10,448.24,-179.75,90.0,top
C11,449.16,-179.75,90.0,top
C12,450.08,-179.75,90.0,top
C13,449.14,-173.14,0.0,top
C14,449.14,-174.08,0.0,top
C15,440.31,-164.55,180.0,top
C16,450.85,-164.04,0.0,top
C17,450.85,-164.98,0.0,top
C18,450.85,-165.9,0.0,top
C19,445.46,-162.9,90.0,top
C2,446.16,-173.97,0.0,top
C20,440.31,-165.48,180.0,top
C21,439.98,-170.6,225.0,top
C23,451.09,-167.27,0.0,top
C24,447.75,-174.39,270.0,top
C25,455.75,-163.56,0.0,top
C26,455.75,-164.49,0.0,top
C27,448.08,-161.54,0.0,top
C3,433.02,-171.9675,270.0,top
C4,435.86,-178.05,0.0,top
C5,427.9,-171.52,0.0,top
C6,439.87,-179.75,90.0,top
C7,445.48,-179.75,90.0,top
C8,446.4,-179.75,90.0,top
C9,447.32,-179.75,90.0,top
D1,456.65,-156.1,90.0,top
D2,455.71,-156.1,90.0,top
D3,431.3625,-167.4,180.0,top
D4,431.36,-169.7,0.0,top
D5,435.29,-175.0975,90.0,top
H1,427.87,-184.3,0.0,top
H2,459.35,-151.96,0.0,top
J1,447.75,-150.735,180.0,top
J2,461.7675,-158.485,0.0,top
J3,443.89,-183.67,0.0,top
J4,430.5,-159.77,270.0,bottom
L1,429.09,-174.73,0.0,top
L2,448.28,-163.08,0.0,top
Q1,433.02,-174.3275,90.0,top
R1,457.52,-163.66,270.0,top
R10,432.37,-176.7075,270.0,top
R11,460.65,-185.45,0.0,top
R17,450.9,-170.75,270.0,top
R18,453.17,-164.7,180.0,top
R19,440.69,-154.5,0.0,top
R2,460.11,-162.88,90.0,top
R3,454.5,-158.86,270.0,top
R4,453.54,-158.87,270.0,top
R5,448.93,-157.23,270.0,top
R6,446.0,-157.23,90.0,top
R7,455.4475,-162.1375,90.0,top
R8,459.14,-163.66,270.0,top
R9,433.67,-176.7075,270.0,top
SW1,456.7,-184.38,0.0,top
SW2,437.58,-170.4,0.0,bottom
SW3,444.375,-170.4,0.0,bottom
SW4,451.06,-170.4,0.0,bottom
SW5,444.375,-165.72,0.0,bottom
SW6,444.375,-175.175,0.0,bottom
SW7,436.875,-153.435,0.0,top
U1,445.66,-168.54,90.0,top
U2,457.6975,-160.02,180.0,top
U3,453.2775,-161.7575,270.0,top
U4,441.73,-158.465,0.0,top
U5,460.25,-173.16,270.0,top
Y1,444.96,-176.19,0.0,top
